van_ban,phu_luc,nhom,muc_cha,stt,ma_hs,mo_ta
QĐ 13/2023/QĐ-TTg,Danh mục phế liệu được phép nhập khẩu,"1. Phế liệu sắt, thép, gang",,1.1,72041000,Phế liệu và mảnh vụn của gang đúc
QĐ 13/2023/QĐ-TTg,Danh mục phế liệu được phép nhập khẩu,"1. Phế liệu sắt, thép, gang",,12,72042100,"Phế liệu và mảnh vụn của thép hợp kim: Bằng thép không gỉ ,"
QĐ 13/2023/QĐ-TTg,Danh mục phế liệu được phép nhập khẩu,"1. Phế liệu sắt, thép, gang",,1.3,72042900,Phế liệu và mảnh vụn của thép hợp kim: Loại khác
QĐ 13/2023/QĐ-TTg,Danh mục phế liệu được phép nhập khẩu,"1. Phế liệu sắt, thép, gang",,1.4,72043000,Phế liệu và mảnh vụn của sắt hoặc thép tráng thiếc
QĐ 13/2023/QĐ-TTg,Danh mục phế liệu được phép nhập khẩu,"1. Phế liệu sắt, thép, gang",,1.5,72044100,"Phế liệu và mảnh vụn khác: Phoi tiện, phoi bào, mảnh vỡ, vảy cán, mạt cưa, mạt giũa, phoi cắt và bavia, đã hoặc chưa được ép thành khối hoặc đóng thành kiện, bánh, bó"
QĐ 13/2023/QĐ-TTg,Danh mục phế liệu được phép nhập khẩu,"1. Phế liệu sắt, thép, gang",,1.6,72044900,Phế liệu và mảnh vụn khác: Loại khác
QĐ 13/2023/QĐ-TTg,Danh mục phế liệu được phép nhập khẩu,2. Phế liệu và mẩu vụn của nhựa (plastic),,2.1,39151010,"Từ các polyme từ etylen: Dạng xốp, không cứng"
QĐ 13/2023/QĐ-TTg,Danh mục phế liệu được phép nhập khẩu,2. Phế liệu và mẩu vụn của nhựa (plastic),,2.2,39151090,Từ các polyme từ etylen: Loại khác
QĐ 13/2023/QĐ-TTg,Danh mục phế liệu được phép nhập khẩu,2. Phế liệu và mẩu vụn của nhựa (plastic),,2.3,39152090,"Từ các polyme từ styren: Loại khác: Polyme Styren (PS), Acrylonitrin Butadien Styren (ABS); High Impact Polystyrene (HIPS); Expanded Polystyrene (EPS)"
QĐ 13/2023/QĐ-TTg,Danh mục phế liệu được phép nhập khẩu,2. Phế liệu và mẩu vụn của nhựa (plastic),,2.4,39153090,Từ các polyme từ vinyl clorua: Loại khác
QĐ 13/2023/QĐ-TTg,Danh mục phế liệu được phép nhập khẩu,2. Phế liệu và mẩu vụn của nhựa (plastic),2.5. Từ plastic khác:,,39159010,Từ poly (etylene terephthalate) (PET)
QĐ 13/2023/QĐ-TTg,Danh mục phế liệu được phép nhập khẩu,2. Phế liệu và mẩu vụn của nhựa (plastic),2.5. Từ plastic khác:,,39159020,Từ polypropylene (PP)
QĐ 13/2023/QĐ-TTg,Danh mục phế liệu được phép nhập khẩu,2. Phế liệu và mẩu vụn của nhựa (plastic),2.5. Từ plastic khác:,,39159030,Từ polycarbonate (PC)
QĐ 13/2023/QĐ-TTg,Danh mục phế liệu được phép nhập khẩu,2. Phế liệu và mẩu vụn của nhựa (plastic),2.5. Từ plastic khác:,,39159090,Loại khác: Polyamit (PA); Poly Oxy Methylene (POM); Poly Methyl Methacrylate (PMMA); Thermoplastic Polyurethanes (TPU); Ethylene Vinyl Acetate (EVA); Nhựa Silicon loại ra từ quá trình sản xuất và chưa qua sử dụng
QĐ 13/2023/QĐ-TTg,Danh mục phế liệu được phép nhập khẩu,3. Phế liệu giấy,,3.1,47071000,"Giấy kraft hoặc bìa kraft hoặc giấy hoặc bìa sóng, chưa tẩy trắng"
QĐ 13/2023/QĐ-TTg,Danh mục phế liệu được phép nhập khẩu,3. Phế liệu giấy,,3.2,47072000,"Giấy hoặc bìa khác được làm chủ yếu bằng bột giấy thu được từ quá trình hóa học đã tẩy trắng, chưa nhuộm màu toàn bộ"
QĐ 13/2023/QĐ-TTg,Danh mục phế liệu được phép nhập khẩu,3. Phế liệu giấy,,3.3,47073000,"Giấy hoặc bìa được làm chủ yếu bằng bột giấy thu được từ quá trình cơ học (ví dụ, giấy in báo, tạp chí và các ấn phẩm tương tự)"
QĐ 13/2023/QĐ-TTg,Danh mục phế liệu được phép nhập khẩu,4. Phế liệu thủy tinh,,4.1,70010000,"Thủy tinh vụn và thủy tinh phế liệu và mảnh vụn khác, trừ thủy tinh từ ống đèn tia âm cực hoặc thủy tinh hoạt tính khác thuộc nhóm 85.49"
QĐ 13/2023/QĐ-TTg,Danh mục phế liệu được phép nhập khẩu,5. Phế liệu kim loại màu,,5.1,74040000,Phế liệu và mảnh vụn của đồng
QĐ 13/2023/QĐ-TTg,Danh mục phế liệu được phép nhập khẩu,5. Phế liệu kim loại màu,,5.2,75030000,Phế liệu và mảnh vụn của niken
QĐ 13/2023/QĐ-TTg,Danh mục phế liệu được phép nhập khẩu,5. Phế liệu kim loại màu,,5.3,76020000,Phế liệu và mảnh vụn của nhôm
QĐ 13/2023/QĐ-TTg,Danh mục phế liệu được phép nhập khẩu,5. Phế liệu kim loại màu,,5.4,79020000,Phế liệu và mảnh vụn của kẽm
QĐ 13/2023/QĐ-TTg,Danh mục phế liệu được phép nhập khẩu,5. Phế liệu kim loại màu,,5.5,80020000,Phế liệu và mảnh vụn thiếc
QĐ 13/2023/QĐ-TTg,Danh mục phế liệu được phép nhập khẩu,5. Phế liệu kim loại màu,,5.6,81110010,Phế liệu và mảnh vụn của mangan
TT 41/2026/TT-BCT,"Phụ lục I - Phế liệu tạm ngừng KD tạm nhập, tái xuất",,,1,0511.99.90,- - - Loại khác
TT 41/2026/TT-BCT,"Phụ lục I - Phế liệu tạm ngừng KD tạm nhập, tái xuất",,,2,2520,"Thạch cao; thạch cao khan; thạch cao plaster (bao gồm thạch cao nung hoặc canxi sulphat đã nung), đã hoặc chưa nhuộm màu, có hoặc không thêm một lượng nhỏ chất xúc tác hoặc chất ức chế."
TT 41/2026/TT-BCT,"Phụ lục I - Phế liệu tạm ngừng KD tạm nhập, tái xuất",,,3,2618.00.00,Xỉ hạt (xỉ cát) từ công nghiệp luyện sắt hoặc thép.
TT 41/2026/TT-BCT,"Phụ lục I - Phế liệu tạm ngừng KD tạm nhập, tái xuất",,,4,2619.00.00,"Xỉ, xỉ luyện kim (trừ xỉ hạt), vụn xỉ và các phế thải khác từ công nghiệp luyện sắt hoặc thép."
TT 41/2026/TT-BCT,"Phụ lục I - Phế liệu tạm ngừng KD tạm nhập, tái xuất",,,5,2620,"Xỉ, tro và cặn (trừ loại thu được từ quá trình sản xuất sắt hoặc thép), có chứa kim loại, arsen hoặc các hợp chất của chúng."
TT 41/2026/TT-BCT,"Phụ lục I - Phế liệu tạm ngừng KD tạm nhập, tái xuất",,,6,3818.00.00,"Các nguyên tố hóa học đã được kích tạp dùng trong điện tử, ở dạng đĩa, tấm mỏng hoặc các dạng tương tự; các hợp chất hóa học đã được kích tạp dùng trong điện tử."
TT 41/2026/TT-BCT,"Phụ lục I - Phế liệu tạm ngừng KD tạm nhập, tái xuất",,,7,4004.00.00,"Phế liệu, phế thải và mảnh vụn từ cao su (trừ cao su cứng) và bột và hạt thu được từ chúng"
TT 41/2026/TT-BCT,"Phụ lục I - Phế liệu tạm ngừng KD tạm nhập, tái xuất",,,8,5003.00.00,"Tơ tằm phế phẩm (kể cả kén không thích hợp để quay tơ, xơ sợi phế liệu và xơ sợi tái chế)."
TT 41/2026/TT-BCT,"Phụ lục I - Phế liệu tạm ngừng KD tạm nhập, tái xuất",,,9,5103,"Phế liệu lông cừu hoặc lông động vật loại mịn hoặc loại thô, kể cả phế liệu sợi nhưng trừ lông tái chế."
TT 41/2026/TT-BCT,"Phụ lục I - Phế liệu tạm ngừng KD tạm nhập, tái xuất",,,10,5104.00.00,Lông cừu hoặc lông động vật loại mịn hoặc thô tái chế.
TT 41/2026/TT-BCT,"Phụ lục I - Phế liệu tạm ngừng KD tạm nhập, tái xuất",,,11,5202,Phế liệu bông (kể cả phế liệu sợi và bông tái chế).
TT 41/2026/TT-BCT,"Phụ lục I - Phế liệu tạm ngừng KD tạm nhập, tái xuất",,,12,5505,"Phế liệu (kể cả phế liệu xơ, phế liệu sợi và nguyên liệu tái chế) từ xơ nhân tạo."
TT 41/2026/TT-BCT,"Phụ lục I - Phế liệu tạm ngừng KD tạm nhập, tái xuất",,,13,6310,"Vải vụn, mẩu dây xe, chão bện (cordage), thừng và cáp đã qua sử dụng hoặc mới và các phế liệu từ vải vụn, dây xe, chão bện (cordage), thừng hoặc cáp, từ vật liệu dệt."
TT 41/2026/TT-BCT,"Phụ lục I - Phế liệu tạm ngừng KD tạm nhập, tái xuất",,,14,8101.97.00,- - Phế liệu và mảnh vụn
TT 41/2026/TT-BCT,"Phụ lục I - Phế liệu tạm ngừng KD tạm nhập, tái xuất",,,15,8102.97.00,- - Phế liệu và mảnh vụn
TT 41/2026/TT-BCT,"Phụ lục I - Phế liệu tạm ngừng KD tạm nhập, tái xuất",,,16,8104.20.00,- Phế liệu và mảnh vụn
TT 41/2026/TT-BCT,"Phụ lục I - Phế liệu tạm ngừng KD tạm nhập, tái xuất",,,17,8108.30.00,- Phế liệu và mảnh vụn
TT 41/2026/TT-BCT,"Phụ lục I - Phế liệu tạm ngừng KD tạm nhập, tái xuất",,,18,,- Phế liệu và mảnh vụn:
TT 41/2026/TT-BCT,"Phụ lục I - Phế liệu tạm ngừng KD tạm nhập, tái xuất",,,19,8109.31.00,- - Chứa hàm lượng hafini trong zircon dưới 1/500 tính theo khối lượng
TT 41/2026/TT-BCT,"Phụ lục I - Phế liệu tạm ngừng KD tạm nhập, tái xuất",,,20,8109.39.00,- - Loại khác
TT 41/2026/TT-BCT,"Phụ lục I - Phế liệu tạm ngừng KD tạm nhập, tái xuất",,,21,8110.20.00,- Phế liệu và mảnh vụn
TT 41/2026/TT-BCT,"Phụ lục I - Phế liệu tạm ngừng KD tạm nhập, tái xuất",,,22,,- Beryli:
TT 41/2026/TT-BCT,"Phụ lục I - Phế liệu tạm ngừng KD tạm nhập, tái xuất",,,23,8112.13.00,- - Phế liệu và mảnh vụn
TT 41/2026/TT-BCT,"Phụ lục I - Phế liệu tạm ngừng KD tạm nhập, tái xuất",,,24,,- Crôm:
TT 41/2026/TT-BCT,"Phụ lục I - Phế liệu tạm ngừng KD tạm nhập, tái xuất",,,25,8112.22.00,- - Phế liệu và mảnh vụn
TT 41/2026/TT-BCT,"Phụ lục I - Phế liệu tạm ngừng KD tạm nhập, tái xuất",,,26,,- Hafini:
TT 41/2026/TT-BCT,"Phụ lục I - Phế liệu tạm ngừng KD tạm nhập, tái xuất",,,27,8112.31.00,- - Chưa gia công; phế liệu và mảnh vụn; bột
TT 41/2026/TT-BCT,"Phụ lục I - Phế liệu tạm ngừng KD tạm nhập, tái xuất",,,28,,- Reni:
TT 41/2026/TT-BCT,"Phụ lục I - Phế liệu tạm ngừng KD tạm nhập, tái xuất",,,29,8112.41.00,- - Chưa gia công; phế liệu và mảnh vụn; bột
TT 41/2026/TT-BCT,"Phụ lục I - Phế liệu tạm ngừng KD tạm nhập, tái xuất",,,30,,- Tali:
TT 41/2026/TT-BCT,"Phụ lục I - Phế liệu tạm ngừng KD tạm nhập, tái xuất",,,31,8112.52.00,- - Phế liệu và mảnh vụn
TT 41/2026/TT-BCT,"Phụ lục I - Phế liệu tạm ngừng KD tạm nhập, tái xuất",,,32,,- Cađimi:
TT 41/2026/TT-BCT,"Phụ lục I - Phế liệu tạm ngừng KD tạm nhập, tái xuất",,,33,8112.61.00,- - Phế liệu và mảnh vụn
TT 41/2026/TT-BCT,"Phụ lục I - Phế liệu tạm ngừng KD tạm nhập, tái xuất",,,34,8113.00.00,"Gốm kim loại và các sản phẩm làm từ gốm kim loại, kể cả phế liệu và mảnh vụn"
TT 41/2026/TT-BCT,Phụ lục II - Hàng hóa đã qua sử dụng tạm ngừng KD,,,1,3918,"Tấm trải sàn bằng plastic, có hoặc không tự dính, dạng cuộn hoặc dạng tấm rời để ghép; tấm phủ tường hoặc phủ trần bằng plastic, như đã nêu trong Chú giải 9 của Chương này"
TT 41/2026/TT-BCT,Phụ lục II - Hàng hóa đã qua sử dụng tạm ngừng KD,,,2,3922,"Bồn tắm, bồn tắm vòi sen, bồn rửa, chậu rửa, bệ rửa vệ sinh (bidets), bệ và nắp xí bệt, bình xả nước và các thiết bị vệ sinh tương tự, bằng plastic"
TT 41/2026/TT-BCT,Phụ lục II - Hàng hóa đã qua sử dụng tạm ngừng KD,,,3,3924,"Bộ đồ ăn, bộ đồ dùng nhà bếp, các sản phẩm gia dụng khác và các sản phẩm phục vụ vệ sinh, bằng plastic"
TT 41/2026/TT-BCT,Phụ lục II - Hàng hóa đã qua sử dụng tạm ngừng KD,,,4,3925,"Đồ vật bằng plastic dùng trong xây lắp, chưa được chi tiết hoặc ghi ở nơi khác"
TT 41/2026/TT-BCT,Phụ lục II - Hàng hóa đã qua sử dụng tạm ngừng KD,,,5,3926,Các sản phẩm khác bằng plastic và các sản phẩm bằng các vật liệu khác của các nhóm từ 39.01 đến 39.14
TT 41/2026/TT-BCT,Phụ lục II - Hàng hóa đã qua sử dụng tạm ngừng KD,,,6,,"- Găng tay, găng tay hở ngón và găng bao tay:"
TT 41/2026/TT-BCT,Phụ lục II - Hàng hóa đã qua sử dụng tạm ngừng KD,,,7,4015.19,- - Loại khác
TT 41/2026/TT-BCT,Phụ lục II - Hàng hóa đã qua sử dụng tạm ngừng KD,,,8,4016.99.91,- - - - Khăn trải bàn
TT 41/2026/TT-BCT,Phụ lục II - Hàng hóa đã qua sử dụng tạm ngừng KD,,,9,4016.99.99,- - - - Loại khác
TT 41/2026/TT-BCT,Phụ lục II - Hàng hóa đã qua sử dụng tạm ngừng KD,,,10,4201.00.00,"Yên cương và bộ yên cương dùng cho các loại động vật (kể cả dây kéo, dây dắt, miếng đệm đầu gối, đai hoặc rọ bịt mõm, vải lót yên, túi yên, áo chó và các loại tương tự), làm bằng vật liệu bất kỳ"
TT 41/2026/TT-BCT,Phụ lục II - Hàng hóa đã qua sử dụng tạm ngừng KD,,,11,4202,"Hòm, vali, xắc đựng đồ nữ trang, cặp tài liệu, cặp sách, túi, cặp đeo vai cho học sinh, bao kính, bao ống nhòm, hộp camera, hộp nhạc cụ, bao súng, bao súng ngắn và các loại đồ chứa tương tự; túi du lịch, túi đựng đồ ăn hoặc đồ uống có phủ lớp cách, túi đựng đồ vệ sinh cá nhân, ba lô, túi xách tay, túi đi chợ, xắc cốt, ví, túi đựng bản đồ, hộp đựng thuốc lá điếu, hộp đựng thuốc lá sợi, túi đựng dụng cụ, túi thể thao, túi đựng chai rượu, hộp đựng đồ trang sức, hộp đựng phấn, hộp đựng dao kéo và các loại đồ chứa tương tự bằng da thuộc hoặc da thuộc tổng hợp, bằng tấm plastic, bằng vật liệu dệt, bằng sợi lưu hóa hoặc bằng bìa, hoặc được phủ toàn bộ hoặc chủ yếu bằng các vật liệu trên hoặc bằng giấy"
TT 41/2026/TT-BCT,Phụ lục II - Hàng hóa đã qua sử dụng tạm ngừng KD,,,12,4203,"Hàng may mặc và đồ phụ trợ quần áo, bằng da thuộc hoặc bằng da thuộc tổng hợp"
TT 41/2026/TT-BCT,Phụ lục II - Hàng hóa đã qua sử dụng tạm ngừng KD,,,13,4303,"Hàng may mặc, đồ phụ trợ quần áo và các vật phẩm khác bằng da lông"
TT 41/2026/TT-BCT,Phụ lục II - Hàng hóa đã qua sử dụng tạm ngừng KD,,,14,4304,Da lông nhân tạo và các sản phẩm làm bằng da lông nhân tạo
TT 41/2026/TT-BCT,Phụ lục II - Hàng hóa đã qua sử dụng tạm ngừng KD,,,15,4414,"Khung tranh, khung ảnh, khung gương bằng gỗ hoặc các sản phẩm bằng gỗ tương tự"
TT 41/2026/TT-BCT,Phụ lục II - Hàng hóa đã qua sử dụng tạm ngừng KD,,,16,4419,"Bộ đồ ăn và bộ đồ làm bếp, bằng gỗ"
TT 41/2026/TT-BCT,Phụ lục II - Hàng hóa đã qua sử dụng tạm ngừng KD,,,17,4420,"Gỗ khảm và dát; tráp và các loại hộp đựng đồ trang sức hoặc dựng dao kéo, và các sản phẩm tương tự, bằng gỗ; tượng nhỏ và đồ trang trí khác, bằng gỗ; các loại đồ nội thất bằng gỗ không thuộc Chương 94"
TT 41/2026/TT-BCT,Phụ lục II - Hàng hóa đã qua sử dụng tạm ngừng KD,,,18,4421,Các sản phẩm bằng gỗ khác
TT 41/2026/TT-BCT,Phụ lục II - Hàng hóa đã qua sử dụng tạm ngừng KD,,,19,Chương 46,Toàn bộ Chương 46
TT 41/2026/TT-BCT,Phụ lục II - Hàng hóa đã qua sử dụng tạm ngừng KD,,,20,4814.20,"- Giấy dán tường và các loại tấm phủ tường tương tự, bao gồm giấy đã được tráng hoặc phủ, trên bề mặt, bằng một lớp plastic có hạt nổi, rập nổi, nhuộm màu, in hình hoặc trang trí cách khác"
TT 41/2026/TT-BCT,Phụ lục II - Hàng hóa đã qua sử dụng tạm ngừng KD,,,21,,"- Khay, bát, đĩa, cốc, chén và các sản phẩm tương tự, bằng giấy hoặc bìa:"
TT 41/2026/TT-BCT,Phụ lục II - Hàng hóa đã qua sử dụng tạm ngừng KD,,,22,4823.61.00,- - Từ tre (bamboo)
TT 41/2026/TT-BCT,Phụ lục II - Hàng hóa đã qua sử dụng tạm ngừng KD,,,23,4823.69.00,- - Loại khác
TT 41/2026/TT-BCT,Phụ lục II - Hàng hóa đã qua sử dụng tạm ngừng KD,,,24,4823.90.70,- - Quạt và màn che kéo bằng tay
TT 41/2026/TT-BCT,Phụ lục II - Hàng hóa đã qua sử dụng tạm ngừng KD,,,25,5007,Vải dệt thoi dệt từ tơ tằm hoặc từ phế liệu tơ tằm
TT 41/2026/TT-BCT,Phụ lục II - Hàng hóa đã qua sử dụng tạm ngừng KD,,,26,5111,Vải dệt thoi từ sợi len lông cừu chải thô hoặc từ sợi lông động vật loại mịn chải thô
TT 41/2026/TT-BCT,Phụ lục II - Hàng hóa đã qua sử dụng tạm ngừng KD,,,27,5112,Vải dệt thoi từ sợi len lông cừu chải kỹ hoặc sợi từ lông động vật loại mịn chải kỹ
TT 41/2026/TT-BCT,Phụ lục II - Hàng hóa đã qua sử dụng tạm ngừng KD,,,28,5113.00.00,Vải dệt thoi từ sợi lông động vật loại thô hoặc sợi lông đuôi hoặc bờm ngựa
TT 41/2026/TT-BCT,Phụ lục II - Hàng hóa đã qua sử dụng tạm ngừng KD,,,29,5208,"Vải dệt thoi từ bông, có hàm lượng bông chiếm từ 85% trở lên tính theo khối lượng, định lượng không quá 200 g/m 2"
TT 41/2026/TT-BCT,Phụ lục II - Hàng hóa đã qua sử dụng tạm ngừng KD,,,30,5209,"Vải dệt thoi từ bông, có hàm lượng bông chiếm từ 85% trở lên tính theo khối lượng, định lượng trên 200 g/m 2"
TT 41/2026/TT-BCT,Phụ lục II - Hàng hóa đã qua sử dụng tạm ngừng KD,,,31,5210,"Vải dệt thoi từ bông, có hàm lượng bông chiếm dưới 85% tính theo khối lượng, pha chủ yếu hoặc pha duy nhất với xơ sợi nhân tạo, có định lượng không quá 200 g/m 2"
TT 41/2026/TT-BCT,Phụ lục II - Hàng hóa đã qua sử dụng tạm ngừng KD,,,32,5211,"Vải dệt thoi từ bông, có hàm lượng bông chiếm dưới 85% tính theo khối lượng, pha chủ yếu hoặc pha duy nhất với xơ sợi nhân tạo, có định lượng trên 200 g/m 2"
TT 41/2026/TT-BCT,Phụ lục II - Hàng hóa đã qua sử dụng tạm ngừng KD,,,33,5212,Vải dệt thoi khác từ bông
TT 41/2026/TT-BCT,Phụ lục II - Hàng hóa đã qua sử dụng tạm ngừng KD,,,34,5309,Vải dệt thoi từ sợi lanh.
TT 41/2026/TT-BCT,Phụ lục II - Hàng hóa đã qua sử dụng tạm ngừng KD,,,35,5310,Vải dệt thoi từ sợi đay hoặc từ các loại xơ libe dệt khác thuộc nhóm 53.03
TT 41/2026/TT-BCT,Phụ lục II - Hàng hóa đã qua sử dụng tạm ngừng KD,,,36,5311,Vải dệt thoi từ các loại sợi dệt gốc thực vật khác; vải dệt thoi từ sợi giấy
TT 41/2026/TT-BCT,Phụ lục II - Hàng hóa đã qua sử dụng tạm ngừng KD,,,37,5407,"Vải dệt thoi bằng sợi filament tổng hợp, kể cả vải dệt thoi thu được từ các nguyên liệu thuộc nhóm 54.04"
TT 41/2026/TT-BCT,Phụ lục II - Hàng hóa đã qua sử dụng tạm ngừng KD,,,38,5408,"Vải dệt thoi bằng sợi filament tái tạo, kể cả vải dệt thoi thu được từ các nguyên liệu thuộc nhóm 54.05"
TT 41/2026/TT-BCT,Phụ lục II - Hàng hóa đã qua sử dụng tạm ngừng KD,,,39,5512,"Các loại vải dệt thoi từ xơ staple tổng hợp, có hàm lượng loại xơ này chiếm từ 85% trở lên tính theo khối lượng"
TT 41/2026/TT-BCT,Phụ lục II - Hàng hóa đã qua sử dụng tạm ngừng KD,,,40,5513,"Vải dệt thoi bằng xơ staple tổng hợp, có hàm lượng loại xơ này chiếm dưới 85% tính theo khối lượng, pha chủ yếu hoặc pha duy nhất với bông, định lượng không quá 170 g/m 2"
TT 41/2026/TT-BCT,Phụ lục II - Hàng hóa đã qua sử dụng tạm ngừng KD,,,41,5514,"Vải dệt thoi bằng xơ staple tổng hợp, có hàm lượng loại xơ này chiếm dưới 85% tính theo khối lượng, pha chủ yếu hoặc pha duy nhất với bông, định lượng trên 170 g/m 2"
TT 41/2026/TT-BCT,Phụ lục II - Hàng hóa đã qua sử dụng tạm ngừng KD,,,42,5515,Các loại vải dệt thoi khác từ xơ staple tổng hợp
TT 41/2026/TT-BCT,Phụ lục II - Hàng hóa đã qua sử dụng tạm ngừng KD,,,43,5516,Vải dệt thoi từ xơ staple tái tạo
TT 41/2026/TT-BCT,Phụ lục II - Hàng hóa đã qua sử dụng tạm ngừng KD,,,44,Chương 57,Toàn bộ Chương 57
TT 41/2026/TT-BCT,Phụ lục II - Hàng hóa đã qua sử dụng tạm ngừng KD,,,45,Chương 58,Toàn bộ Chương 58
TT 41/2026/TT-BCT,Phụ lục II - Hàng hóa đã qua sử dụng tạm ngừng KD,,,46,Chương 60,Toàn bộ Chương 60
TT 41/2026/TT-BCT,Phụ lục II - Hàng hóa đã qua sử dụng tạm ngừng KD,,,47,Chương 61,Toàn bộ Chương 61
TT 41/2026/TT-BCT,Phụ lục II - Hàng hóa đã qua sử dụng tạm ngừng KD,,,48,Chương 62,Toàn bộ Chương 62
TT 41/2026/TT-BCT,Phụ lục II - Hàng hóa đã qua sử dụng tạm ngừng KD,,,49,6301,Chăn và chăn du lịch
TT 41/2026/TT-BCT,Phụ lục II - Hàng hóa đã qua sử dụng tạm ngừng KD,,,50,6302,"Vỏ ga, vỏ gối, khăn trải giường (bed linen), khăn trải bàn, khăn trong phòng vệ sinh và khăn nhà bếp"
TT 41/2026/TT-BCT,Phụ lục II - Hàng hóa đã qua sử dụng tạm ngừng KD,,,51,6303,Màn che (kể cả rèm trang trí) và rèm mờ che phía trong; diềm màn che hoặc diềm giường
TT 41/2026/TT-BCT,Phụ lục II - Hàng hóa đã qua sử dụng tạm ngừng KD,,,52,6304,"Các sản phẩm trang trí nội thất khác, trừ các loại thuộc nhóm 94.04"
TT 41/2026/TT-BCT,Phụ lục II - Hàng hóa đã qua sử dụng tạm ngừng KD,,,53,6307.10,"- Khăn lau sàn, khăn lau bát đĩa, khăn lau bụi và các loại khăn lau tương tự"
TT 41/2026/TT-BCT,Phụ lục II - Hàng hóa đã qua sử dụng tạm ngừng KD,,,54,6308.00.00,"Bộ vải bao gồm vải dệt thoi và chỉ, có hoặc không có phụ kiện, dùng để làm chăn, thảm trang trí, khăn trải bàn hoặc khăn ăn đã thêu, hoặc các sản phẩm dệt tương tự, đóng gói sẵn để bán lẻ"
TT 41/2026/TT-BCT,Phụ lục II - Hàng hóa đã qua sử dụng tạm ngừng KD,,,55,6309.00.00,Quần áo và các sản phẩm dệt may đã qua sử dụng khác
TT 41/2026/TT-BCT,Phụ lục II - Hàng hóa đã qua sử dụng tạm ngừng KD,,,56,Chương 64,Toàn bộ Chương 64
TT 41/2026/TT-BCT,Phụ lục II - Hàng hóa đã qua sử dụng tạm ngừng KD,,,57,6504.00.00,"Các loại mũ và các vật đội đầu khác, được làm bằng cách tết hoặc ghép các dải làm bằng chất liệu bất kỳ, đã hoặc chưa có lót hoặc trang trí"
TT 41/2026/TT-BCT,Phụ lục II - Hàng hóa đã qua sử dụng tạm ngừng KD,,,58,6505,"Các loại mũ và các vật đội đầu khác, dệt kim hoặc móc, hoặc làm từ ren, nỉ hoặc vải dệt khác, ở dạng mảnh (trừ dạng dải), đã hoặc chưa lót hoặc trang trí; lưới bao tóc bằng vật liệu bất kỳ, đã hoặc chưa có lót hoặc trang trí"
TT 41/2026/TT-BCT,Phụ lục II - Hàng hóa đã qua sử dụng tạm ngừng KD,,,59,,- Loại khác:
TT 41/2026/TT-BCT,Phụ lục II - Hàng hóa đã qua sử dụng tạm ngừng KD,,,60,6506.91.00,- - Bằng cao su hoặc plastic
TT 41/2026/TT-BCT,Phụ lục II - Hàng hóa đã qua sử dụng tạm ngừng KD,,,61,6506.99,- - Bằng các loại vật liệu khác
TT 41/2026/TT-BCT,Phụ lục II - Hàng hóa đã qua sử dụng tạm ngừng KD,,,62,6601,"Các loại ô và dù (kể cả ô có cán là ba toong, dù che trong vườn và các loại ô, dù tương tự)"
TT 41/2026/TT-BCT,Phụ lục II - Hàng hóa đã qua sử dụng tạm ngừng KD,,,63,6602.00.00,"Ba toong, gậy tay cầm có thể chuyển thành ghế, roi, gậy điều khiển, roi điều khiển súc vật thồ, kéo và các loại tương tự"
TT 41/2026/TT-BCT,Phụ lục II - Hàng hóa đã qua sử dụng tạm ngừng KD,,,64,6702,"Hoa, cành, lá, quả nhân tạo và các phần của chúng; các sản phẩm làm bằng hoa, cành, lá hoặc quả nhân tạo"
TT 41/2026/TT-BCT,Phụ lục II - Hàng hóa đã qua sử dụng tạm ngừng KD,,,65,6703.00.00,"Tóc người đã được chải, chuốt, tẩy hoặc xử lý bằng cách khác; lông cừu hoặc lông động vật khác hoặc các loại vật liệu dệt khác, được chế biến để dùng làm tóc giả hoặc sản phẩm tương tự"
TT 41/2026/TT-BCT,Phụ lục II - Hàng hóa đã qua sử dụng tạm ngừng KD,,,66,6704,"Tóc giả, râu, lông mi, lông mày giả, tóc độn và các loại sản phẩm tương tự bằng tóc người hoặc lông động vật hoặc các loại vật liệu dệt; các sản phẩm bằng tóc người chưa được chi tiết hoặc ghi ở nơi khác"
TT 41/2026/TT-BCT,Phụ lục II - Hàng hóa đã qua sử dụng tạm ngừng KD,,,67,6910,"Bồn rửa, chậu rửa, bệ chậu rửa, bồn tắm, bệ rửa vệ sinh (bidets), bệ xí, bình xối nước, bệ đi tiểu và các sản phẩm vệ sinh tương tự bằng gốm, sứ gắn cố định"
TT 41/2026/TT-BCT,Phụ lục II - Hàng hóa đã qua sử dụng tạm ngừng KD,,,68,6911,"Bộ đồ ăn, bộ đồ nhà bếp, đồ gia dụng và đồ sứ vệ sinh khác, bằng sứ"
TT 41/2026/TT-BCT,Phụ lục II - Hàng hóa đã qua sử dụng tạm ngừng KD,,,69,6912.00.00,"Bộ đồ ăn, bộ đồ nhà bếp, đồ gia dụng và đồ vệ sinh bằng gốm, trừ loại bằng sứ"
TT 41/2026/TT-BCT,Phụ lục II - Hàng hóa đã qua sử dụng tạm ngừng KD,,,70,6913,"Các loại tượng nhỏ và các loại sản phẩm trang trí bằng gốm, sứ khác"
TT 41/2026/TT-BCT,Phụ lục II - Hàng hóa đã qua sử dụng tạm ngừng KD,,,71,6914,"Các sản phẩm bằng gốm, sứ khác"
TT 41/2026/TT-BCT,Phụ lục II - Hàng hóa đã qua sử dụng tạm ngừng KD,,,72,7013,"Bộ đồ ăn, đồ nhà bếp, đồ vệ sinh, đồ dùng văn phòng, đồ trang trí nội thất hoặc đồ dùng cho các mục đích tương tự bằng thủy tinh (trừ các sản phẩm thuộc nhóm 70.10 hoặc 70.18)"
TT 41/2026/TT-BCT,Phụ lục II - Hàng hóa đã qua sử dụng tạm ngừng KD,,,73,,"- Bằng kim loại cơ bản, đã hoặc chưa mạ kim loại quý:"
TT 41/2026/TT-BCT,Phụ lục II - Hàng hóa đã qua sử dụng tạm ngừng KD,,,74,7117.19,- - Loại khác
TT 41/2026/TT-BCT,Phụ lục II - Hàng hóa đã qua sử dụng tạm ngừng KD,,,75,7321,"Bếp, bếp có lò nướng, vỉ lò, bếp nấu (kể cả loại có nồi hơi phụ dùng cho hệ thống gia nhiệt trung tâm), vỉ nướng, lò nướng, lò ga hình vòng, dụng cụ hâm nóng dạng tấm và các loại đồ dùng gia đình không dùng điện tương tự, và các bộ phận của chúng, bằng sắt hoặc thép"
TT 41/2026/TT-BCT,Phụ lục II - Hàng hóa đã qua sử dụng tạm ngừng KD,,,76,7323,"Bộ đồ ăn, đồ nhà bếp hoặc các loại đồ gia dụng khác và các bộ phận của chúng, bằng sắt hoặc thép; bùi nhùi bằng sắt hoặc thép; miếng cọ nồi và cọ rửa hoặc đánh bóng, găng tay và các loại tương tự, bằng sắt hoặc thép"
TT 41/2026/TT-BCT,Phụ lục II - Hàng hóa đã qua sử dụng tạm ngừng KD,,,77,7324,"Thiết bị vệ sinh và các bộ phận của chúng, bằng sắt hoặc thép"
TT 41/2026/TT-BCT,Phụ lục II - Hàng hóa đã qua sử dụng tạm ngừng KD,,,78,7418,"Bộ đồ ăn, đồ nhà bếp hoặc đồ gia dụng khác và các bộ phận của chúng, bằng đồng; miếng cọ nồi và cọ rửa hoặc đánh bóng, găng tay và các loại tương tự, bằng đồng; đồ trang bị trong nhà vệ sinh và các bộ phận của chúng, bằng đồng"
TT 41/2026/TT-BCT,Phụ lục II - Hàng hóa đã qua sử dụng tạm ngừng KD,,,79,7615,"Bộ đồ ăn, đồ nhà bếp hoặc các loại đồ gia dụng khác và các bộ phận của chúng, bằng nhôm; miếng dùng để cọ nồi và cọ rửa hoặc đánh bóng, găng tay và các loại tương tự bằng nhôm; đồ trang bị trong nhà vệ sinh và các bộ phận của chúng, bằng nhôm"
TT 41/2026/TT-BCT,Phụ lục II - Hàng hóa đã qua sử dụng tạm ngừng KD,,,80,8210.00.00,"Đồ dùng cơ khí hoạt động bằng tay, nặng 10 kg trở xuống, dùng để chế biến, pha chế hoặc phục vụ đồ ăn hoặc đồ uống"
TT 41/2026/TT-BCT,Phụ lục II - Hàng hóa đã qua sử dụng tạm ngừng KD,,,81,,- Loại khác:
TT 41/2026/TT-BCT,Phụ lục II - Hàng hóa đã qua sử dụng tạm ngừng KD,,,82,8211.91.00,- - Dao ăn có lưỡi cố định
TT 41/2026/TT-BCT,Phụ lục II - Hàng hóa đã qua sử dụng tạm ngừng KD,,,83,8212,Dao cạo và lưỡi dao cạo (kể cả lưỡi dao cạo chưa hoàn thiện ở dạng dải).
TT 41/2026/TT-BCT,Phụ lục II - Hàng hóa đã qua sử dụng tạm ngừng KD,,,84,8214.20.00,- Bộ đồ và dụng cụ cắt sửa móng tay hoặc móng chân (kể cả dũa móng)
TT 41/2026/TT-BCT,Phụ lục II - Hàng hóa đã qua sử dụng tạm ngừng KD,,,85,8215,"Thìa, dĩa, muôi, thìa hớt kem, hớt bọt, đồ xúc bánh, dao ăn cá, dao cắt bơ, kẹp gắp đường và các loại đồ dùng nhà bếp hoặc bộ đồ ăn tương tự"
TT 41/2026/TT-BCT,Phụ lục II - Hàng hóa đã qua sử dụng tạm ngừng KD,,,86,8301.30.00,- Ổ khoá thuộc loại sử dụng cho đồ nội thất
TT 41/2026/TT-BCT,Phụ lục II - Hàng hóa đã qua sử dụng tạm ngừng KD,,,87,8301.70.00,- Chìa rời
TT 41/2026/TT-BCT,Phụ lục II - Hàng hóa đã qua sử dụng tạm ngừng KD,,,88,,"- Giá, khung, phụ kiện và các sản phẩm tương tự khác:"
TT 41/2026/TT-BCT,Phụ lục II - Hàng hóa đã qua sử dụng tạm ngừng KD,,,89,8302.42,"- - Loại khác, phù hợp cho đồ nội thất"
TT 41/2026/TT-BCT,Phụ lục II - Hàng hóa đã qua sử dụng tạm ngừng KD,,,90,8302.50.00,"- Giá để mũ, mắc mũ, chân giá đỡ và các loại giá cố định tương tự"
TT 41/2026/TT-BCT,Phụ lục II - Hàng hóa đã qua sử dụng tạm ngừng KD,,,91,8306,"Chuông, chuông đĩa và các loại tương tự, không dùng điện, bằng kim loại cơ bản; tượng nhỏ và đồ trang trí khác, bằng kim loại cơ bản; khung ảnh, khung tranh hoặc các loại khung tương tự, bằng kim loại cơ bản; gương bằng kim loại cơ bản"
TT 41/2026/TT-BCT,Phụ lục II - Hàng hóa đã qua sử dụng tạm ngừng KD,,,92,,- Loại khác:
TT 41/2026/TT-BCT,Phụ lục II - Hàng hóa đã qua sử dụng tạm ngừng KD,,,93,8415.81,- - Kèm theo một bộ phận làm lạnh và một van đảo chiều chu trình nóng/lạnh (bơm nhiệt có đảo chiều)
TT 41/2026/TT-BCT,Phụ lục II - Hàng hóa đã qua sử dụng tạm ngừng KD,,,94,8415.82,"- - Loại khác, có kèm theo bộ phận làm lạnh"
TT 41/2026/TT-BCT,Phụ lục II - Hàng hóa đã qua sử dụng tạm ngừng KD,,,95,8415.83,- - Không gắn kèm bộ phận làm lạnh
TT 41/2026/TT-BCT,Phụ lục II - Hàng hóa đã qua sử dụng tạm ngừng KD,,,96,,"- - Của máy có công suất làm mát không quá 21,10 kW:"
TT 41/2026/TT-BCT,Phụ lục II - Hàng hóa đã qua sử dụng tạm ngừng KD,,,97,8415.90.19,- - - Loại khác
TT 41/2026/TT-BCT,Phụ lục II - Hàng hóa đã qua sử dụng tạm ngừng KD,,,98,,- Bộ phận:
TT 41/2026/TT-BCT,Phụ lục II - Hàng hóa đã qua sử dụng tạm ngừng KD,,,99,8418.99,- - Loại khác
TT 41/2026/TT-BCT,Phụ lục II - Hàng hóa đã qua sử dụng tạm ngừng KD,,,100,,"-Thiết bị đun nước nóng nhanh hoặc thiết bị đun nước nóng có dự trữ, không dùng điện:"
TT 41/2026/TT-BCT,Phụ lục II - Hàng hóa đã qua sử dụng tạm ngừng KD,,,101,8419.11.10,- - - Loại sử dụng trong gia đình
TT 41/2026/TT-BCT,Phụ lục II - Hàng hóa đã qua sử dụng tạm ngừng KD,,,102,8419.19.10,- - - Loại sử dụng trong gia đình
TT 41/2026/TT-BCT,Phụ lục II - Hàng hóa đã qua sử dụng tạm ngừng KD,,,103,,- Máy và thiết bị khác:
TT 41/2026/TT-BCT,Phụ lục II - Hàng hóa đã qua sử dụng tạm ngừng KD,,,104,8419.81,- - Để làm nóng đồ uống hoặc nấu hoặc hâm nóng thực phẩm
TT 41/2026/TT-BCT,Phụ lục II - Hàng hóa đã qua sử dụng tạm ngừng KD,,,105,,- Máy và thiết bị lọc hoặc tinh chế chất lỏng:
TT 41/2026/TT-BCT,Phụ lục II - Hàng hóa đã qua sử dụng tạm ngừng KD,,,106,8421.21.11,- - - - Máy và thiết bị lọc sử dụng trong gia đình
TT 41/2026/TT-BCT,Phụ lục II - Hàng hóa đã qua sử dụng tạm ngừng KD,,,107,,- Bộ phận:
TT 41/2026/TT-BCT,Phụ lục II - Hàng hóa đã qua sử dụng tạm ngừng KD,,,108,8421.99.94,- - - - Của hàng hóa thuộc phân nhóm 8421.21.11
TT 41/2026/TT-BCT,Phụ lục II - Hàng hóa đã qua sử dụng tạm ngừng KD,,,109,8422.90.10,- - Của các máy thuộc phân nhóm 8422.11
TT 41/2026/TT-BCT,Phụ lục II - Hàng hóa đã qua sử dụng tạm ngừng KD,,,110,8423.10,"- Cân người, kể cả cân trẻ em; cân sử dụng trong gia đình"
TT 41/2026/TT-BCT,Phụ lục II - Hàng hóa đã qua sử dụng tạm ngừng KD,,,111,,- Cân trọng lượng khác:
TT 41/2026/TT-BCT,Phụ lục II - Hàng hóa đã qua sử dụng tạm ngừng KD,,,112,8423.81,- - Có khả năng cân tối đa không quá 30 kg:
TT 41/2026/TT-BCT,Phụ lục II - Hàng hóa đã qua sử dụng tạm ngừng KD,,,113,8450.90.20,"- - Của máy thuộc phân nhóm 8450.11, 8450.12 hoặc 8450.19"
TT 41/2026/TT-BCT,Phụ lục II - Hàng hóa đã qua sử dụng tạm ngừng KD,,,114,8451.30.10,"- - Máy là trục đơn, loại gia dụng"
TT 41/2026/TT-BCT,Phụ lục II - Hàng hóa đã qua sử dụng tạm ngừng KD,,,115,8452.10.00,- Máy khâu dùng cho gia đình
TT 41/2026/TT-BCT,Phụ lục II - Hàng hóa đã qua sử dụng tạm ngừng KD,,,116,8471.60,"- Bộ nhập hoặc bộ xuất, có hoặc không chứa bộ lưu trữ trong cùng một vỏ"
TT 41/2026/TT-BCT,Phụ lục II - Hàng hóa đã qua sử dụng tạm ngừng KD,,,117,8471.70,- Bộ lưu trữ:
TT 41/2026/TT-BCT,Phụ lục II - Hàng hóa đã qua sử dụng tạm ngừng KD,,,118,8508.70.10,- - Của máy hút bụi thuộc phân nhóm 8508.11.00 hoặc 8508.19.10
TT 41/2026/TT-BCT,Phụ lục II - Hàng hóa đã qua sử dụng tạm ngừng KD,,,119,8509,"Thiết bị cơ điện gia dụng có động cơ điện gắn liền, trừ máy hút bụi của nhóm 85.08"
TT 41/2026/TT-BCT,Phụ lục II - Hàng hóa đã qua sử dụng tạm ngừng KD,,,120,8510,"Máy cạo, tông đơ và các dụng cụ loại bỏ râu, lông, tóc, có động cơ điện gắn liền"
TT 41/2026/TT-BCT,Phụ lục II - Hàng hóa đã qua sử dụng tạm ngừng KD,,,121,8516,"Dụng cụ điện đun nước nóng tức thời hoặc đun nước nóng có dự trữ và đun nước nóng kiểu nhúng; dụng cụ điện làm nóng không gian và làm nóng đất; dụng cụ nhiệt điện làm tóc (ví dụ, máy sấy tóc, máy uốn tóc, dụng cụ kẹp uốn tóc) và máy sấy làm khô tay; bàn là điện; dụng cụ nhiệt điện gia dụng khác; các loại điện trở đốt nóng bằng điện, trừ loại thuộc nhóm 85.45"
TT 41/2026/TT-BCT,Phụ lục II - Hàng hóa đã qua sử dụng tạm ngừng KD,,,122,8518.30.10,- - Tai nghe có khung chụp qua đầu
TT 41/2026/TT-BCT,Phụ lục II - Hàng hóa đã qua sử dụng tạm ngừng KD,,,123,8518.30.20,- - Tai nghe không có khung chụp qua đầu
TT 41/2026/TT-BCT,Phụ lục II - Hàng hóa đã qua sử dụng tạm ngừng KD,,,124,,- - Bộ micro/ loa kết hợp khác:
TT 41/2026/TT-BCT,Phụ lục II - Hàng hóa đã qua sử dụng tạm ngừng KD,,,125,8518.30.51,- - - Dùng cho hàng hóa thuộc phân nhóm 8517.13.00 và 8517.14.00
TT 41/2026/TT-BCT,Phụ lục II - Hàng hóa đã qua sử dụng tạm ngừng KD,,,126,8518.30.59,- - - Loại khác
TT 41/2026/TT-BCT,Phụ lục II - Hàng hóa đã qua sử dụng tạm ngừng KD,,,127,8518.40,- Thiết bị điện khuếch đại âm tần
TT 41/2026/TT-BCT,Phụ lục II - Hàng hóa đã qua sử dụng tạm ngừng KD,,,128,8518.90,- Bộ phận
TT 41/2026/TT-BCT,Phụ lục II - Hàng hóa đã qua sử dụng tạm ngừng KD,,,129,8519.30.00,- Đầu quay đĩa (có thể có bộ phận lưu trữ) nhưng không có bộ phận khuếch đại và không có bộ phận phát âm thanh (loa)
TT 41/2026/TT-BCT,Phụ lục II - Hàng hóa đã qua sử dụng tạm ngừng KD,,,130,8519.81.10,"- - - Máy ghi âm cassette bỏ túi, kích thước không quá 170 mm x 100 mm x 45 mm"
TT 41/2026/TT-BCT,Phụ lục II - Hàng hóa đã qua sử dụng tạm ngừng KD,,,131,8519.81.20,"- - - Máy ghi âm cassette, có bộ phận khuếch đại và một hoặc nhiều loa, hoạt động chỉ bằng nguồn điện ngoài"
TT 41/2026/TT-BCT,Phụ lục II - Hàng hóa đã qua sử dụng tạm ngừng KD,,,132,8519.81.30,- - - Đầu đĩa compact
TT 41/2026/TT-BCT,Phụ lục II - Hàng hóa đã qua sử dụng tạm ngừng KD,,,133,,- - - Máy sao âm:
TT 41/2026/TT-BCT,Phụ lục II - Hàng hóa đã qua sử dụng tạm ngừng KD,,,134,8519.81.49,- - - - Loại khác
TT 41/2026/TT-BCT,Phụ lục II - Hàng hóa đã qua sử dụng tạm ngừng KD,,,135,,"- - - Máy ghi băng từ có gắn với thiết bị tái tạo âm thanh, loại âm thanh số"
TT 41/2026/TT-BCT,Phụ lục II - Hàng hóa đã qua sử dụng tạm ngừng KD,,,136,8519.81.69,- - - - Loại khác
TT 41/2026/TT-BCT,Phụ lục II - Hàng hóa đã qua sử dụng tạm ngừng KD,,,137,,"- - - Thiết bị tái tạo âm thanh khác, kiểu cassette:"
TT 41/2026/TT-BCT,Phụ lục II - Hàng hóa đã qua sử dụng tạm ngừng KD,,,138,8519.81.79,- - - - Loại khác
TT 41/2026/TT-BCT,Phụ lục II - Hàng hóa đã qua sử dụng tạm ngừng KD,,,139,,- - - Loại khác:
TT 41/2026/TT-BCT,Phụ lục II - Hàng hóa đã qua sử dụng tạm ngừng KD,,,140,8519.81.99,- - - - Loại khác
TT 41/2026/TT-BCT,Phụ lục II - Hàng hóa đã qua sử dụng tạm ngừng KD,,,141,8521,"Thiết bị ghi hoặc tái tạo video, có hoặc không gắn bộ phận thu tín hiệu video"
TT 41/2026/TT-BCT,Phụ lục II - Hàng hóa đã qua sử dụng tạm ngừng KD,,,142,8522,Bộ phận và phụ kiện chỉ dùng hoặc chủ yếu dùng cho các thiết bị của nhóm 85.19 hoặc 85.21
TT 41/2026/TT-BCT,Phụ lục II - Hàng hóa đã qua sử dụng tạm ngừng KD,,,143,8527,"Thiết bị thu dùng cho phát thanh sóng vô tuyến, có hoặc không kết hợp với thiết bị ghi hoặc tái tạo âm thanh hoặc với đồng hồ, trong cùng một khối"
TT 41/2026/TT-BCT,Phụ lục II - Hàng hóa đã qua sử dụng tạm ngừng KD,,,144,8529,Bộ phận chỉ dùng hoặc chủ yếu dùng với các thiết bị thuộc các nhóm từ 85.24 đến 85.28
TT 41/2026/TT-BCT,Phụ lục II - Hàng hóa đã qua sử dụng tạm ngừng KD,,,145,,- - - Loại khác:
TT 41/2026/TT-BCT,Phụ lục II - Hàng hóa đã qua sử dụng tạm ngừng KD,,,146,8539.22.91,"- - - - Loại dùng trong chiếu sáng trang trí, công suất không quá 60W"
TT 41/2026/TT-BCT,Phụ lục II - Hàng hóa đã qua sử dụng tạm ngừng KD,,,147,8539.22.93,"- - - - Loại khác, dùng cho chiếu sáng gia dụng"
TT 41/2026/TT-BCT,Phụ lục II - Hàng hóa đã qua sử dụng tạm ngừng KD,,,148,8539.22.99,- - - - Loại khác
TT 41/2026/TT-BCT,Phụ lục II - Hàng hóa đã qua sử dụng tạm ngừng KD,,,149,8539.29.50,"- - - Loại khác, có công suất trên 200W nhưng không quá 300 W và điện áp trên 100 V"
TT 41/2026/TT-BCT,Phụ lục II - Hàng hóa đã qua sử dụng tạm ngừng KD,,,150,,"- Bóng đèn phóng, trừ đèn tia cực tím:"
TT 41/2026/TT-BCT,Phụ lục II - Hàng hóa đã qua sử dụng tạm ngừng KD,,,151,8539.31,"- - Bóng đèn huỳnh quang, ca-tốt nóng"
TT 41/2026/TT-BCT,Phụ lục II - Hàng hóa đã qua sử dụng tạm ngừng KD,,,152,8539.39,- - Loại khác
TT 41/2026/TT-BCT,Phụ lục II - Hàng hóa đã qua sử dụng tạm ngừng KD,,,153,8711,"Mô tô (kể cả xe gắn máy có bàn đạp (moped)) và xe đạp có gắn động cơ phụ trợ, có hoặc không có thùng xe bên cạnh; thùng xe có bánh (side-cars)"
TT 41/2026/TT-BCT,Phụ lục II - Hàng hóa đã qua sử dụng tạm ngừng KD,,,154,8712,"Xe đạp hai bánh và xe đạp khác (kể cả xe xích lô ba bánh chở hàng), không lắp động cơ (trừ xe đạp đua mã HS 8712.00.10)"
TT 41/2026/TT-BCT,Phụ lục II - Hàng hóa đã qua sử dụng tạm ngừng KD,,,155,8714,Bộ phận và phụ kiện của xe thuộc các nhóm từ 8711 đến 87.13 (trừ bộ phận và phụ kiện của nhóm 87.13)
TT 41/2026/TT-BCT,Phụ lục II - Hàng hóa đã qua sử dụng tạm ngừng KD,,,156,9004.10.00,- Kính râm
TT 41/2026/TT-BCT,Phụ lục II - Hàng hóa đã qua sử dụng tạm ngừng KD,,,157,9101,"Đồng hồ đeo tay, đồng hồ bỏ túi và các loại đồng hồ cá nhân khác, kể cả đồng hồ bấm giờ, với vỏ làm bằng kim loại quý hoặc kim loại dát phủ kim loại quý"
TT 41/2026/TT-BCT,Phụ lục II - Hàng hóa đã qua sử dụng tạm ngừng KD,,,158,9102,"Đồng hồ đeo tay, đồng hồ bỏ túi và các loại đồng hồ cá nhân khác, kể cả đồng hồ bấm giờ, trừ các loại thuộc nhóm 91.01"
TT 41/2026/TT-BCT,Phụ lục II - Hàng hóa đã qua sử dụng tạm ngừng KD,,,159,9103,"Đồng hồ thời gian có lắp máy đồng hồ cá nhân, trừ các loại đồng hồ thời gian thuộc nhóm 91.04"
TT 41/2026/TT-BCT,Phụ lục II - Hàng hóa đã qua sử dụng tạm ngừng KD,,,160,9105,"Đồng hồ thời gian khác. (trừ đồng hồ hàng hải đo thời gian mã HS 9105.91.10, 9105.99.10)"
TT 41/2026/TT-BCT,Phụ lục II - Hàng hóa đã qua sử dụng tạm ngừng KD,,,161,,- Ghế quay có điều chỉnh độ cao:
TT 41/2026/TT-BCT,Phụ lục II - Hàng hóa đã qua sử dụng tạm ngừng KD,,,162,9401.31.00,- - Bằng gỗ
TT 41/2026/TT-BCT,Phụ lục II - Hàng hóa đã qua sử dụng tạm ngừng KD,,,163,9401.39.00,- - Loại khác
TT 41/2026/TT-BCT,Phụ lục II - Hàng hóa đã qua sử dụng tạm ngừng KD,,,164,,"- Ghế có thể chuyển thành giường, trừ ghế trong vườn hoặc đồ cắm trại:"
TT 41/2026/TT-BCT,Phụ lục II - Hàng hóa đã qua sử dụng tạm ngừng KD,,,165,9401.41.00,- - Bằng gỗ
TT 41/2026/TT-BCT,Phụ lục II - Hàng hóa đã qua sử dụng tạm ngừng KD,,,166,9401.49.00,- - Loại khác
TT 41/2026/TT-BCT,Phụ lục II - Hàng hóa đã qua sử dụng tạm ngừng KD,,,167,,"- Ghế bằng mây, liễu gai, tre hoặc các vật liệu tương tự:"
TT 41/2026/TT-BCT,Phụ lục II - Hàng hóa đã qua sử dụng tạm ngừng KD,,,168,9401.52.00,- - Bằng tre
TT 41/2026/TT-BCT,Phụ lục II - Hàng hóa đã qua sử dụng tạm ngừng KD,,,169,9401.53.00,"- - Bằng song, mây"
TT 41/2026/TT-BCT,Phụ lục II - Hàng hóa đã qua sử dụng tạm ngừng KD,,,170,9401.59.00,- - Loại khác
TT 41/2026/TT-BCT,Phụ lục II - Hàng hóa đã qua sử dụng tạm ngừng KD,,,171,,"- Ghế khác, có khung bằng gỗ:"
TT 41/2026/TT-BCT,Phụ lục II - Hàng hóa đã qua sử dụng tạm ngừng KD,,,172,9401.61.00,- - Đã nhồi đệm
TT 41/2026/TT-BCT,Phụ lục II - Hàng hóa đã qua sử dụng tạm ngừng KD,,,173,9401.69,- - Loại khác
TT 41/2026/TT-BCT,Phụ lục II - Hàng hóa đã qua sử dụng tạm ngừng KD,,,174,,"- Ghế khác, có khung bằng kim loại:"
TT 41/2026/TT-BCT,Phụ lục II - Hàng hóa đã qua sử dụng tạm ngừng KD,,,175,9401.71.00,- - Đã nhồi đệm
TT 41/2026/TT-BCT,Phụ lục II - Hàng hóa đã qua sử dụng tạm ngừng KD,,,176,9401.79,- - Loại khác
TT 41/2026/TT-BCT,Phụ lục II - Hàng hóa đã qua sử dụng tạm ngừng KD,,,177,9401.80.00,- Ghế khác
TT 41/2026/TT-BCT,Phụ lục II - Hàng hóa đã qua sử dụng tạm ngừng KD,,,178,9403.10.00,- Đồ nội thất bằng kim loại được sử dụng trong văn phòng
TT 41/2026/TT-BCT,Phụ lục II - Hàng hóa đã qua sử dụng tạm ngừng KD,,,179,9403.20,- Đồ nội thất bằng kim loại khác
TT 41/2026/TT-BCT,Phụ lục II - Hàng hóa đã qua sử dụng tạm ngừng KD,,,180,9403.30.00,- Đồ nội thất bằng gỗ loại sử dụng trong văn phòng
TT 41/2026/TT-BCT,Phụ lục II - Hàng hóa đã qua sử dụng tạm ngừng KD,,,181,9403.40.00,- Đồ nội thất bằng gỗ loại sử dụng trong nhà bếp
TT 41/2026/TT-BCT,Phụ lục II - Hàng hóa đã qua sử dụng tạm ngừng KD,,,182,9403.50.00,- Đồ nội thất bằng gỗ loại sử dụng trong phòng ngủ
TT 41/2026/TT-BCT,Phụ lục II - Hàng hóa đã qua sử dụng tạm ngừng KD,,,183,9403.60,- Đồ nội thất bằng gỗ khác
TT 41/2026/TT-BCT,Phụ lục II - Hàng hóa đã qua sử dụng tạm ngừng KD,,,184,9403.70,- Đồ nội thất bằng plastic
TT 41/2026/TT-BCT,Phụ lục II - Hàng hóa đã qua sử dụng tạm ngừng KD,,,185,9403.82.00,- - Bằng tre
TT 41/2026/TT-BCT,Phụ lục II - Hàng hóa đã qua sử dụng tạm ngừng KD,,,186,9403.83.00,"- - Bằng song, mây"
TT 41/2026/TT-BCT,Phụ lục II - Hàng hóa đã qua sử dụng tạm ngừng KD,,,187,9403.89,- - Loại khác
TT 41/2026/TT-BCT,Phụ lục II - Hàng hóa đã qua sử dụng tạm ngừng KD,,,188,9404,"Khung đệm; các mặt hàng thuộc bộ đồ giường và các loại tương tự (ví dụ, đệm, chăn quilt, chăn nhồi lông, nệm, đệm ghế loại dài và gối) có gắn lò xo hoặc nhồi hoặc lắp bên trong bằng vật liệu bất kỳ hoặc bằng cao su xốp hoặc plastic xốp, có hoặc không bọc."
TT 41/2026/TT-BCT,Phụ lục II - Hàng hóa đã qua sử dụng tạm ngừng KD,,,189,,- - - Loại khác:
TT 41/2026/TT-BCT,Phụ lục II - Hàng hóa đã qua sử dụng tạm ngừng KD,,,190,9405.19.92,- - - - Đèn gắn bóng đèn huỳnh quang
TT 41/2026/TT-BCT,Phụ lục II - Hàng hóa đã qua sử dụng tạm ngừng KD,,,191,9405.19.99,- - - - Loại khác
TT 41/2026/TT-BCT,Phụ lục II - Hàng hóa đã qua sử dụng tạm ngừng KD,,,192,,"- Đèn bàn, đèn giường hoặc đèn cây dùng điện"
TT 41/2026/TT-BCT,Phụ lục II - Hàng hóa đã qua sử dụng tạm ngừng KD,,,193,9405.21.90,- - - Loại khác
TT 41/2026/TT-BCT,Phụ lục II - Hàng hóa đã qua sử dụng tạm ngừng KD,,,194,9405.29.90,- - - Loại khác
TT 41/2026/TT-BCT,Phụ lục II - Hàng hóa đã qua sử dụng tạm ngừng KD,,,195,,- Dây đèn dùng cho cây Nô-en:
TT 41/2026/TT-BCT,Phụ lục II - Hàng hóa đã qua sử dụng tạm ngừng KD,,,196,9405.31.00,- - Được thiết kế chỉ để sử dụng với các nguồn sáng đi-ốt phát quang (LED)
TT 41/2026/TT-BCT,Phụ lục II - Hàng hóa đã qua sử dụng tạm ngừng KD,,,197,9405.39.00,- - Loại khác
TT 41/2026/TT-BCT,Phụ lục II - Hàng hóa đã qua sử dụng tạm ngừng KD,,,198,,- - Loại đốt bằng dầu:
TT 41/2026/TT-BCT,Phụ lục II - Hàng hóa đã qua sử dụng tạm ngừng KD,,,199,9405.50.11,- - - Bằng đồng sử dụng trong nghi lễ tôn giáo
TT 41/2026/TT-BCT,Phụ lục II - Hàng hóa đã qua sử dụng tạm ngừng KD,,,200,9405.50.19,- - - Loại khác
TT 41/2026/TT-BCT,Phụ lục II - Hàng hóa đã qua sử dụng tạm ngừng KD,,,201,9405.50.40,- - Đèn bão
TT 41/2026/TT-BCT,Phụ lục II - Hàng hóa đã qua sử dụng tạm ngừng KD,,,202,9405.50.90,- - Loại khác
TT 41/2026/TT-BCT,Phụ lục II - Hàng hóa đã qua sử dụng tạm ngừng KD,,,203,9504,"Các máy và thiết bị trò chơi điện tử video, các trò chơi trên bàn hoặc trong phòng khách, kể cả trò chơi bắn bi (pin-table), bi-a, bàn chuyên dụng dùng cho trò chơi ở sòng bạc và thiết bị chơi bowling tự động, máy giải trí hoạt động bằng đồng xu, tiền giấy, thẻ ngân hàng, token hoặc bất kỳ phương tiện thanh toán khác"
TT 41/2026/TT-BCT,Phụ lục II - Hàng hóa đã qua sử dụng tạm ngừng KD,,,204,9505,"Đồ dùng trong lễ hội, hội hoá trang hoặc trong các trò chơi giải trí khác, kể cả các mặt hàng dùng cho trò chơi ảo thuật và trò vui cười."
TT 41/2026/TT-BCT,Phụ lục II - Hàng hóa đã qua sử dụng tạm ngừng KD,,,205,,"- Bàn chải đánh răng, chổi xoa bọt cạo râu, bàn chải chải tóc, chổi sơn móng tay, chải mi mắt và bàn chải vệ sinh khác dùng cho người, kể cả bàn chải tương tự là bộ phận của các dụng cụ"
TT 41/2026/TT-BCT,Phụ lục II - Hàng hóa đã qua sử dụng tạm ngừng KD,,,206,9603.21.00,"- - Bàn chải đánh răng, kể cả bàn chải dùng cho răng mạ"
TT 41/2026/TT-BCT,Phụ lục II - Hàng hóa đã qua sử dụng tạm ngừng KD,,,207,9603.29.00,- - Loại khác
TT 41/2026/TT-BCT,Phụ lục II - Hàng hóa đã qua sử dụng tạm ngừng KD,,,208,9603.90,- Loại khác
TT 41/2026/TT-BCT,Phụ lục II - Hàng hóa đã qua sử dụng tạm ngừng KD,,,209,9605.00.00,"Bộ đồ du lịch dùng cho vệ sinh cá nhân, bộ đồ khâu hoặc bộ đồ làm sạch giày dép hoặc quần áo."
TT 41/2026/TT-BCT,Phụ lục II - Hàng hóa đã qua sử dụng tạm ngừng KD,,,210,9613,"Bật lửa châm thuốc lá và các bật lửa khác, có hoặc không dùng cơ hoặc điện, và các bộ phận của chúng trừ đá lửa và bấc"
TT 41/2026/TT-BCT,Phụ lục II - Hàng hóa đã qua sử dụng tạm ngừng KD,,,211,9614,"Tẩu thuốc (kể cả điếu bát) và đót xì gà hoặc đót thuốc lá, và bộ phận của chúng"
TT 41/2026/TT-BCT,Phụ lục II - Hàng hóa đã qua sử dụng tạm ngừng KD,,,212,9615,"Lược, trâm cài tóc và loại tương tự; ghim cài tóc, cặp uốn tóc, kẹp uốn tóc, lô cuộn tóc và loại tương tự, trừ các loại thuộc nhóm 85.16, và bộ phận của chúng"
TT 41/2026/TT-BCT,Phụ lục II - Hàng hóa đã qua sử dụng tạm ngừng KD,,,213,9617.00.10,"- Phích chân không và các loại bình chân không khác, hoàn chỉnh"
